Fund Name,P1,P2,P3,P4,P5,Topsis Score,Rank
M1,0.92,0.85,4.8,42.8,12.34,0.326307629122182,7
M2,0.87,0.76,6.7,41.5,12.46,0.3325077818452275,6
M3,0.79,0.62,6.3,44.3,13.0,0.2614753640637111,8
M4,0.76,0.58,6.9,52.6,15.21,0.43354263509742236,5
M5,0.76,0.58,6.5,68.9,19.19,0.7015542534878254,2
M6,0.89,0.79,4.4,62.2,17.07,0.6331187680223643,3
M7,0.94,0.88,6.9,59.8,17.13,0.7375787023030124,1
M8,0.72,0.52,4.6,69.2,18.76,0.6071693274256117,4
