Fund Name,P1,P2,P3,P4,P5,Topsis Score,Rank
M1,0.92,0.85,4.8,42.8,12.34,0.5367453524480612,3
M2,0.87,0.76,6.7,41.5,12.46,0.5657553980164187,2
M3,0.79,0.62,6.3,44.3,13.0,0.4648628225705526,7
M4,0.76,0.58,6.9,52.6,15.21,0.476674588001159,6
M5,0.76,0.58,6.5,68.9,19.19,0.4855024282118067,5
M6,0.89,0.79,4.4,62.2,17.07,0.5159291818452304,4
M7,0.94,0.88,6.9,59.8,17.13,0.6960465751409953,1
M8,0.72,0.52,4.6,69.2,18.76,0.3823390717023159,8
